-- phpMyAdmin SQL Dump
-- version 5.2.1
-- https://www.phpmyadmin.net/
--
-- Gép: 127.0.0.1
-- Létrehozás ideje: 2023. Nov 23. 19:55
-- Kiszolgáló verziója: 10.4.28-MariaDB
-- PHP verzió: 8.2.4

SET SQL_MODE = "NO_AUTO_VALUE_ON_ZERO";
START TRANSACTION;
SET time_zone = "+00:00";


/*!40101 SET @OLD_CHARACTER_SET_CLIENT=@@CHARACTER_SET_CLIENT */;
/*!40101 SET @OLD_CHARACTER_SET_RESULTS=@@CHARACTER_SET_RESULTS */;
/*!40101 SET @OLD_COLLATION_CONNECTION=@@COLLATION_CONNECTION */;
/*!40101 SET NAMES utf8mb4 */;

--
-- Adatbázis: `vizvezetekszerelok`
--

-- --------------------------------------------------------

--
-- Tábla szerkezet ehhez a táblához `felhasznalok`
--

CREATE TABLE `felhasznalok` (
  `id` int(10) UNSIGNED NOT NULL,
  `csaladi_nev` varchar(45) NOT NULL DEFAULT '',
  `utonev` varchar(45) NOT NULL DEFAULT '',
  `bejelentkezes` varchar(12) NOT NULL DEFAULT '',
  `jelszo` varchar(40) NOT NULL DEFAULT '',
  `jogosultsag` varchar(4) NOT NULL DEFAULT '_1__',
  `deactivate` int(11) DEFAULT NULL
) ENGINE=MyISAM DEFAULT CHARSET=utf8 COLLATE=utf8_general_ci;

--
-- A tábla adatainak kiíratása `felhasznalok`
--

INSERT INTO `felhasznalok` (`id`, `csaladi_nev`, `utonev`, `bejelentkezes`, `jelszo`, `jogosultsag`, `deactivate`) VALUES
(11, 'Arany', 'János', 'arany', '8cb2237d0679ca88db6464eac60da96345513964', '_1__', NULL),
(1, 'Tornyos', 'Pál', 'tornyi', '8cb2237d0679ca88db6464eac60da96345513964', '__1_', NULL),
(13, 'Admin', 'Admin', 'admin', 'd033e22ae348aeb5660fc2140aec35850c4da997', '___1', NULL);

-- --------------------------------------------------------

--
-- Tábla szerkezet ehhez a táblához `hely`
--

CREATE TABLE `hely` (
  `az` int(11) NOT NULL,
  `telepules` varchar(200) NOT NULL,
  `utca` varchar(200) NOT NULL,
  `deactivate` int(11) DEFAULT NULL
) ENGINE=InnoDB DEFAULT CHARSET=utf8mb4 COLLATE=utf8mb4_general_ci;

--
-- A tábla adatainak kiíratása `hely`
--

INSERT INTO `hely` (`az`, `telepules`, `utca`, `deactivate`) VALUES
(1, 'Kőváros', 'Gyimes u. 83.', NULL),
(2, 'Zöldhely', 'Bérc u. 96.', NULL),
(3, 'Barackfalva', 'Erdőss u. 18.', NULL),
(4, 'Kékség', 'Aszú u. 33.', NULL),
(5, 'Kőváros', 'Agyag u. 71.', NULL),
(6, 'Kékség', 'Csokor u. 4.', NULL),
(7, 'Zöldhely', 'Gőz tér 95.', NULL),
(8, 'Sárgahegy', 'Főnök u. 55.', NULL),
(9, 'Sárgahegy', 'Fenyő u. 24.', NULL),
(10, 'Sárgahegy', 'Cselló u. 25.', NULL),
(11, 'Kőváros', 'Felvidék u. 64.', NULL),
(12, 'Barackfalva', 'Avar u. 89.', NULL),
(13, 'Kőváros', 'Áldás u. 25.', NULL),
(14, 'Kékség', 'Katica u. 56.', NULL),
(15, 'Zöldhely', 'Jupiter u. 54.', NULL),
(16, 'Barackfalva', 'Búza u. 45.', NULL),
(17, 'Barackfalva', 'Csángó u. 101.', NULL),
(18, 'Barackfalva', 'Csend u. 72.', NULL),
(19, 'Kékség', 'Bajor u. 95.', NULL),
(20, 'Sárgahegy', 'Gyimes u. 84.', NULL),
(21, 'Barackfalva', 'Határ u. 21.', NULL),
(22, 'Sárgahegy', 'Kavics u. 103.', NULL),
(23, 'Kékség', 'Kör u. 21.', NULL),
(24, 'Barackfalva', 'Csatár u. 93.', NULL),
(25, 'Kőváros', 'Hír u. 34.', NULL),
(26, 'Sárgahegy', 'Bicska u. 19.', NULL),
(27, 'Barackfalva', 'Citrus u. 61.', NULL),
(28, 'Barackfalva', 'Fő u. 30.', NULL),
(29, 'Barackfalva', 'Húr u. 15.', NULL),
(30, 'Sárgahegy', 'Csordás u. 30.', NULL),
(31, 'Sárgahegy', 'Bácskai u. 79.', NULL),
(32, 'Kékség', 'Arnold u. 53.', NULL),
(33, 'Barackfalva', 'Akna u. 51.', NULL),
(34, 'Barackfalva', 'Állomás u. 58.', NULL),
(35, 'Sárgahegy', 'Furulya u. 24.', NULL),
(36, 'Sárgahegy', 'Gőz u. 87.', NULL),
(37, 'Barackfalva', 'Aknász u. 101.', NULL),
(38, 'Kőváros', 'Harcsa u. 2.', NULL),
(39, 'Kőváros', 'Delfin u. 21.', NULL),
(40, 'Kékség', 'Gébics u. 11.', NULL),
(41, 'Kékség', 'Béla u. 21.', NULL),
(42, 'Kékség', 'Barlang u. 49.', NULL),
(43, 'Kőváros', 'Berek u. 16.', NULL),
(44, 'Kékség', 'Igló u. 58.', NULL),
(45, 'Barackfalva', 'Kék u. 51.', NULL),
(46, 'Zöldhely', 'Alom u. 52.', NULL),
(47, 'Kékség', 'Igló u. 45.', NULL),
(48, 'Zöldhely', 'Kőszeg u. 37.', NULL),
(49, 'Kékség', 'Kincs u. 78.', NULL),
(50, 'Sárgahegy', 'Bendő u. 22.', NULL),
(51, 'Kőváros', 'Kajak u. 62.', NULL),
(52, 'Kőváros', 'Bácskai u. 75.', NULL),
(53, 'Sárgahegy', 'Angol u. 12.', NULL),
(54, 'Zöldhely', 'Hableányű u. 74.', NULL),
(55, 'Kőváros', 'Fenyő u. 41.', NULL),
(56, 'Barackfalva', 'Hattyú u. 67.', NULL),
(57, 'Barackfalva', 'Juhos u. 80.', NULL),
(58, 'Kékség', 'Kard u. 27.', NULL),
(59, 'Kőváros', 'Fácán u. 44.', NULL),
(60, 'Barackfalva', 'Ámor u. 55.', NULL),
(61, 'Sárgahegy', 'Kemény u. 51.', NULL),
(62, 'Zöldhely', 'Ágnes u. 4.', NULL),
(63, 'Kékség', 'Abaújvár u. 99.', NULL),
(64, 'Zöldhely', 'Kapitány u. 40.', NULL),
(65, 'Sárgahegy', 'Drégely u. 33.', NULL),
(66, 'Barackfalva', 'Hermina u. 68.', NULL),
(67, 'Zöldhely', 'Cselló u. 53.', NULL),
(68, 'Zöldhely', 'Csizmadia u. 34.', NULL),
(69, 'Kékség', 'Edison u. 29.', NULL),
(70, 'Barackfalva', 'Közraktár u. 86.', NULL),
(71, 'Sárgahegy', 'Domb u. 16.', NULL),
(72, 'Kékség', 'Ék u. 59.', NULL),
(73, 'Kőváros', 'Baka u. 92.', NULL),
(74, 'Sárgahegy', 'Akó u. 19.', NULL),
(75, 'Zöldhely', 'Almavirág u. 57.', NULL),
(76, 'Barackfalva', 'Farkas u. 6.', NULL),
(77, 'Kékség', 'Kőhíd u. 4.', NULL),
(78, 'Barackfalva', 'Kapitány u. 72.', NULL),
(79, 'Kékség', 'Csibor u. 20.', NULL),
(80, 'Zöldhely', 'Györök u. 62.', NULL),
(81, 'Kőváros', 'Janicsár u. 52.', NULL),
(82, 'Barackfalva', 'Cövek u. 45.', NULL),
(83, 'Barackfalva', 'Angol u. 57.', NULL),
(84, 'Barackfalva', 'Görbe u. 103.', NULL),
(85, 'Sárgahegy', 'Bányalég u. 6.', NULL),
(86, 'Kékség', 'Jász u. 74.', NULL),
(87, 'Zöldhely', 'Darázs u. 88.', NULL),
(88, 'Zöldhely', 'Ceglédi u. 52.', NULL),
(89, 'Kékség', 'Fáklya u. 98.', NULL),
(90, 'Kékség', 'Akó u. 60.', NULL),
(91, 'Barackfalva', 'Bokor u. 83.', NULL),
(92, 'Zöldhely', 'Bravó u. 89.', NULL),
(93, 'Kőváros', 'Gyoma u. 35.', NULL),
(94, 'Kékség', 'Gyimes u. 42.', NULL),
(95, 'Kőváros', 'Fertő u. 54.', NULL),
(96, 'Barackfalva', 'Árpád u. 41.', NULL),
(97, 'Kőváros', 'Janka u. 95.', NULL),
(98, 'Kőváros', 'Barabás u. 3.', NULL),
(99, 'Kékség', 'Kalóz u. 46.', NULL),
(100, 'Kőváros', 'Hintó u. 22.', NULL),
(101, 'Sárgahegy', 'Balkán u. 65.', NULL),
(102, 'Sárgahegy', 'Éden u. 56.', NULL),
(103, 'Kékség', 'Kék u. 91.', NULL),
(104, 'Barackfalva', 'Horog u. 33.', NULL),
(105, 'Barackfalva', 'Áldomás u. 42.', NULL),
(106, 'Kékség', 'Erős u. 92.', NULL),
(107, 'Zöldhely', 'Csalló u. 64.', NULL),
(108, 'Kőváros', 'Bányalég u. 22.', NULL),
(109, 'Sárgahegy', 'Akadémia u. 45.', NULL),
(110, 'Sárgahegy', 'Csatár u. 71.', NULL),
(111, 'Sárgahegy', 'Baracska u. 93.', NULL),
(112, 'Sárgahegy', 'Forrás u. 38.', NULL),
(113, 'Kékség', 'Bárka u. 105.', NULL),
(114, 'Zöldhely', 'Bertalan u. 14.', NULL),
(115, 'Kékség', 'Betű u. 14.', NULL),
(116, 'Barackfalva', 'Balaton u. 59.', NULL),
(117, 'Kőváros', 'Kürt u. 28.', NULL),
(118, 'Barackfalva', 'Felvidék u. 71.', NULL),
(119, 'Kékség', 'Kádár u. 76.', NULL),
(120, 'Zöldhely', 'Gép u. 5.', NULL),
(121, 'Barackfalva', 'Bástya u. 39.', NULL),
(122, 'Kékség', 'Avar u. 90.', NULL),
(123, 'Kőváros', 'Ánizs u. 75.', NULL),
(124, 'Barackfalva', 'Gyimes u. 95.', NULL),
(125, 'Barackfalva', 'Alom u. 80.', NULL),
(126, 'Zöldhely', 'Dia u. 86.', NULL),
(127, 'Kőváros', 'Csatlós u. 93.', NULL),
(128, 'Zöldhely', 'Furulya u. 15.', NULL),
(129, 'Sárgahegy', 'Kisbér u. 70.', NULL),
(130, 'Barackfalva', 'Gémes u. 102.', NULL),
(131, 'Zöldhely', 'Had u. 89.', NULL),
(132, 'Kékség', 'Jutas u. 48.', NULL),
(133, 'Kékség', 'Bunda u. 104.', NULL),
(134, 'Kékség', 'Agárdi u. 100.', NULL),
(135, 'Kékség', 'Dália u. 11.', NULL),
(136, 'Sárgahegy', 'Éden u. 66.', NULL),
(137, 'Kékség', 'Kollégium u. 17.', NULL),
(138, 'Zöldhely', 'Haladás u. 105.', NULL),
(139, 'Kőváros', 'Ezüst u. 11.', NULL),
(140, 'Sárgahegy', 'Cirmos u. 100.', NULL),
(141, 'Sárgahegy', 'Kádár u. 79.', NULL),
(142, 'Kékség', 'Boglári u. 27.', NULL),
(143, 'Kőváros', 'Duna u. 81.', NULL),
(144, 'Barackfalva', 'Duhaj u. 19.', NULL),
(145, 'Kékség', 'Erdei u. 82.', NULL),
(146, 'Barackfalva', 'Alkotás u. 62.', NULL),
(147, 'Sárgahegy', 'Alom u. 14.', NULL),
(148, 'Zöldhely', 'Bárka u. 101.', NULL),
(149, 'Sárgahegy', 'Kecske u. 2.', NULL),
(150, 'Zöldhely', 'Gyűrű u. 104.', NULL),
(151, 'Kőváros', 'Föld u. 93.', NULL),
(152, 'Kőváros', 'Bajnok u. 77.', NULL),
(153, 'Kékség', 'Friss u. 88.', NULL),
(154, 'Kőváros', 'Kulacs u. 82.', NULL),
(155, 'Barackfalva', 'Kőszeg u. 14.', NULL),
(156, 'Kőváros', 'Hurok u. 45.', NULL),
(157, 'Zöldhely', 'Árasztó u. 36.', NULL),
(158, 'Sárgahegy', 'Hó u. 95.', NULL),
(159, 'Zöldhely', 'Kinizsi u. 62.', NULL),
(160, 'Kőváros', 'Honvéd u. 60.', NULL),
(161, 'Barackfalva', 'Diadal u. 79.', NULL),
(162, 'Sárgahegy', 'Csipke u. 21.', NULL),
(163, 'Kőváros', 'Harcsa u. 99.', NULL),
(164, 'Barackfalva', 'Héja u. 66.', NULL),
(165, 'Zöldhely', 'Kavics u. 43.', NULL),
(166, 'Zöldhely', 'Állomás u. 58.', NULL),
(167, 'Zöldhely', 'Korom u. 28.', NULL),
(168, 'Barackfalva', 'Baba u. 62.', NULL),
(169, 'Zöldhely', 'Borz u. 86.', NULL),
(170, 'Sárgahegy', 'Gyöngy u. 103.', NULL),
(171, 'Barackfalva', 'Gólya u. 66.', NULL),
(172, 'Kőváros', 'Boglári u. 32.', NULL),
(173, 'Barackfalva', 'Juhár u. 61.', NULL),
(174, 'Zöldhely', 'Kázmér u. 42.', NULL),
(175, 'Sárgahegy', 'Akácfa u. 21.', NULL),
(176, 'Zöldhely', 'Kemence u. 94.', NULL),
(177, 'Kékség', 'Avas u. 13.', NULL),
(178, 'Kőváros', 'Kereplő u. 52.', NULL),
(179, 'Barackfalva', 'Ják u. 73.', NULL),
(180, 'Zöldhely', 'Békés u. 29.', NULL),
(181, 'Barackfalva', 'Kő u. 62.', NULL),
(182, 'Kőváros', 'Dia u. 80.', NULL),
(183, 'Kőváros', 'Kérész u. 83.', NULL),
(184, 'Kékség', 'Galamb u. 83.', NULL),
(185, 'Sárgahegy', 'Alkotmány u. 42.', NULL),
(186, 'Barackfalva', 'Kárász u. 104.', NULL),
(187, 'Kékség', 'Fullajtár u. 90.', NULL),
(188, 'Kőváros', 'Hajas u. 24.', NULL),
(189, 'Barackfalva', 'Füles u. 18.', NULL),
(190, 'Kékség', 'Igló u. 51.', NULL),
(191, 'Kőváros', 'Album u. 36.', NULL),
(192, 'Kékség', 'Fürdő u. 102.', NULL),
(193, 'Zöldhely', 'Kúria u. 9.', NULL),
(194, 'Sárgahegy', 'Alagút u. 96.', NULL),
(195, 'Kékség', 'Fátyol u. 35.', NULL),
(196, 'Barackfalva', 'Evezős u. 90.', NULL),
(197, 'Kőváros', 'Abádi u. 96.', NULL),
(198, 'Zöldhely', 'Almáskert u. 56.', NULL),
(199, 'Zöldhely', 'Bokréta u. 42.', NULL),
(200, 'Zöldhely', 'Hunyad u. 11.', NULL),
(201, 'Kékség', 'Kék u. 33.', NULL),
(202, 'Barackfalva', 'Altáj u. 16.', NULL),
(203, 'Sárgahegy', 'Bányász u. 73.', NULL),
(204, 'Barackfalva', 'Adonisz u. 38.', NULL),
(205, 'Barackfalva', 'Báró u. 3.', NULL),
(206, 'Zöldhely', 'Acsai u. 30.', NULL),
(207, 'Zöldhely', 'Hont u. 73.', NULL),
(208, 'Barackfalva', 'Janicsár u. 74.', NULL),
(209, 'Barackfalva', 'Ádám u. 9.', NULL),
(210, 'Zöldhely', 'Eke u. 2.', NULL),
(211, 'Kőváros', 'Avar u. 39.', NULL),
(212, 'Sárgahegy', 'Bányalég u. 21.', NULL),
(213, 'Sárgahegy', 'Balta u. 28.', NULL),
(214, 'Barackfalva', 'Juhár u. 82.', NULL),
(215, 'Kékség', 'Kép u. 57.', NULL),
(216, 'Sárgahegy', 'Gát u. 31.', NULL),
(217, 'Kékség', 'Berek u. 37.', NULL),
(218, 'Kőváros', 'Jeges u. 7.', NULL),
(219, 'Sárgahegy', 'Kadar u. 63.', NULL),
(220, 'Barackfalva', 'Kupa u. 19.', NULL),
(221, 'Sárgahegy', 'Farkas u. 90.', NULL),
(222, 'Kékség', 'Iharos u. 64.', NULL),
(223, 'Zöldhely', 'Kadar u. 101.', NULL),
(224, 'Kőváros', 'Hont u. 96.', NULL),
(225, 'Kékség', 'Kelep u. 37.', NULL),
(226, 'Kékség', 'Harag u. 78.', NULL),
(227, 'Barackfalva', 'Labanc u. 105.', NULL),
(228, 'Barackfalva', 'Éden u. 92.', NULL),
(229, 'Zöldhely', 'Batár u. 59.', NULL),
(230, 'Sárgahegy', 'Bodrogi u. 83.', NULL),
(231, 'Barackfalva', 'Irány u. 20.', NULL),
(232, 'Sárgahegy', 'Bükkfa u. 96.', NULL),
(233, 'Zöldhely', 'Kánya u. 88.', NULL),
(234, 'Kékség', 'Hárs u. 89.', NULL),
(235, 'Zöldhely', 'Csillám u. 75.', NULL),
(236, 'Kőváros', 'Kopáncs u. 74.', NULL),
(237, 'Zöldhely', 'Ár u. 32.', NULL),
(238, 'Sárgahegy', 'Határ u. 95.', NULL),
(239, 'Zöldhely', 'Körte u. 11.', NULL),
(240, 'Kékség', 'Evezős u. 51.', NULL),
(241, 'Sárgahegy', 'Béla u. 81.', NULL),
(242, 'Barackfalva', 'Almádi u. 10.', NULL),
(243, 'Barackfalva', 'Csíz u. 103.', NULL),
(244, 'Zöldhely', 'Hamu u. 38.', NULL),
(245, 'Sárgahegy', 'Ék u. 56.', NULL),
(246, 'Zöldhely', 'Gép u. 95.', NULL),
(247, 'Sárgahegy', 'Csatlós u. 16.', NULL),
(248, 'Sárgahegy', 'Csoma u. 29.', NULL),
(249, 'Kékség', 'Ember u. 57.', NULL),
(250, 'Zöldhely', 'Avar u. 99.', NULL),
(251, 'Barackfalva', 'Báró u. 27.', NULL),
(252, 'Barackfalva', 'Bányász u. 56.', NULL),
(253, 'Sárgahegy', 'Árendás u. 53.', NULL),
(254, 'Barackfalva', 'Csáklya u. 45.', NULL),
(255, 'Sárgahegy', 'Emese u. 35.', NULL),
(256, 'Kőváros', 'Babvirág u. 1.', NULL),
(257, 'Barackfalva', 'Bója u. 82.', NULL),
(258, 'Barackfalva', 'Fullánk u. 35.', NULL),
(259, 'Sárgahegy', 'Kör u. 101.', NULL),
(260, 'Zöldhely', 'Gépész u. 43.', NULL),
(261, 'Barackfalva', 'Hó u. 98.', NULL),
(262, 'Kékség', 'Kemény u. 99.', NULL),
(263, 'Barackfalva', 'Gordonka u. 63.', NULL),
(264, 'Sárgahegy', 'Karikás u. 89.', NULL),
(265, 'Sárgahegy', 'Húr u. 35.', NULL),
(266, 'Kőváros', 'Cirmos u. 103.', NULL),
(267, 'Kőváros', 'Csille u. 38.', NULL),
(268, 'Sárgahegy', 'Dália u. 79.', NULL),
(269, 'Kékség', 'Csákó u. 3.', NULL),
(270, 'Kőváros', 'Abonyi u. 66.', NULL),
(271, 'Zöldhely', 'Irtás u. 100.', NULL),
(272, 'Zöldhely', 'Égető u. 97.', NULL),
(273, 'Kőváros', 'Kaszinó u. 85.', NULL),
(274, 'Sárgahegy', 'Erős u. 21.', NULL),
(275, 'Zöldhely', 'Gitár u. 47.', NULL),
(276, 'Kőváros', 'Ezüst u. 22.', NULL),
(277, 'Kőváros', 'Köles u. 24.', NULL),
(278, 'Barackfalva', 'Csatlós u. 28.', NULL),
(279, 'Kékség', 'Iparos u. 11.', NULL),
(280, 'Kékség', 'Dűlő u. 2.', NULL),
(281, 'Zöldhely', 'Ármin u. 97.', NULL),
(282, 'Barackfalva', 'Ezredes u. 41.', NULL),
(283, 'Zöldhely', 'Alba u. 52.', NULL),
(284, 'Barackfalva', 'Koboz u. 87.', NULL),
(285, 'Barackfalva', 'Kohó u. 65.', NULL),
(286, 'Sárgahegy', 'Agyagos u. 90.', NULL),
(287, 'Kőváros', 'Járőr u. 51.', NULL),
(288, 'Kőváros', 'Közraktár u. 30.', NULL),
(289, 'Sárgahegy', 'Diós u. 59.', NULL),
(290, 'Kőváros', 'Jég u. 11.', NULL),
(291, 'Zöldhely', 'Ártér u. 105.', NULL),
(292, 'Sárgahegy', 'Jobbágy u. 58.', NULL),
(293, 'Barackfalva', 'Duna u. 27.', NULL),
(294, 'Kőváros', 'Arató u. 67.', NULL),
(295, 'Kékség', 'Gordonka u. 58.', NULL),
(296, 'Zöldhely', 'Bogár u. 8.', NULL),
(297, 'Kékség', 'Bertalan u. 85.', NULL),
(298, 'Zöldhely', 'Ádám u. 70.', NULL),
(299, 'Zöldhely', 'Kocka u. 93.', NULL),
(300, 'Barackfalva', 'Fillér u. 85.', NULL),
(301, 'Kőváros', 'Juhár u. 29.', NULL),
(302, 'Kékség', 'Főnök u. 84.', NULL),
(303, 'Zöldhely', 'Balaton u. 42.', NULL),
(304, 'Sárgahegy', 'Gébics u. 79.', NULL),
(305, 'Zöldhely', 'Kőzet u. 71.', NULL),
(306, 'Kékség', 'Akácvirág u. 42.', NULL),
(307, 'Barackfalva', 'Határ u. 1.', NULL),
(308, 'Kékség', 'Kristály u. 14.', NULL),
(309, 'Kékség', 'Áldás u. 81.', NULL),
(310, 'Sárgahegy', 'Fürdő u. 70.', NULL),
(311, 'Kékség', 'Akác u. 74.', NULL),
(312, 'Sárgahegy', 'Gyöngyvirág u. 72.', NULL),
(313, 'Kőváros', 'Ananász u. 67.', NULL),
(314, 'Kőváros', 'Bajmóczy u. 33.', NULL),
(315, 'Barackfalva', 'Kupa u. 105.', NULL),
(316, 'Barackfalva', 'Jutas u. 95.', NULL),
(317, 'Kékség', 'Gyűszű u. 61.', NULL),
(318, 'Sárgahegy', 'Gém u. 53.', NULL),
(319, 'Sárgahegy', 'Bendő u. 100.', NULL),
(320, 'Barackfalva', 'Áruház u. 18.', NULL),
(321, 'Kékség', 'Ják u. 9.', NULL),
(322, 'Barackfalva', 'Bogár u. 50.', NULL),
(323, 'Barackfalva', 'Jupiter u. 46.', NULL),
(324, 'Sárgahegy', 'Alkotmány u. 8.', NULL),
(325, 'Sárgahegy', 'Kadar u. 81.', NULL),
(326, 'Sárgahegy', 'Ezüst u. 91.', NULL),
(327, 'Sárgahegy', 'Cica u. 105.', NULL),
(328, 'Sárgahegy', 'Csatlós u. 52.', NULL),
(329, 'Barackfalva', 'Ármin u. 49.', NULL),
(330, 'Sárgahegy', 'Hont u. 91.', NULL),
(331, 'Sárgahegy', 'Bimbó u. 30.', NULL),
(332, 'Zöldhely', 'Baba u. 5.', NULL),
(333, 'Kőváros', 'Honvéd u. 2.', NULL),
(334, 'Kékség', 'Haladás u. 52.', NULL),
(335, 'Kőváros', 'Kokárda u. 100.', NULL),
(336, 'Kékség', 'Csák u. 10.', NULL),
(337, 'Zöldhely', 'Husáng u. 34.', NULL),
(338, 'Kőváros', 'Gébics u. 85.', NULL),
(339, 'Kőváros', 'Cédrus u. 70.', NULL),
(340, 'Kőváros', 'Avas u. 53.', NULL),
(341, 'Kékség', 'Agárdi u. 82.', NULL),
(342, 'Sárgahegy', 'Kürt u. 80.', NULL),
(343, 'Sárgahegy', 'Holló u. 37.', NULL),
(344, 'Kőváros', 'Cselló u. 69.', NULL),
(345, 'Zöldhely', 'Bokor u. 11.', NULL),
(346, 'Kőváros', 'Közraktár u. 103.', NULL),
(347, 'Zöldhely', 'Juharos u. 104.', NULL),
(348, 'Barackfalva', 'Asztag u. 46.', NULL),
(349, 'Sárgahegy', 'Gyimes u. 26.', NULL),
(350, 'Kőváros', 'Hab u. 81.', NULL),
(351, 'Zöldhely', 'Kártya u. 67.', NULL),
(352, 'Sárgahegy', 'Íjász u. 42.', NULL),
(353, 'Kékség', 'Bíbor u. 85.', NULL),
(354, 'Barackfalva', 'Csordás u. 1.', NULL),
(355, 'Kékség', 'Gébics u. 32.', NULL),
(356, 'Kékség', 'Bertalan u. 11.', NULL),
(357, 'Sárgahegy', 'Gólya u. 19.', NULL),
(358, 'Barackfalva', 'Kálvária u. 93.', NULL),
(359, 'Zöldhely', 'Kőszál u. 104.', NULL),
(360, 'Zöldhely', 'Fullajtár u. 40.', NULL),
(361, 'Zöldhely', 'Induló u. 45.', NULL),
(362, 'Sárgahegy', 'Betű u. 55.', NULL),
(363, 'Kőváros', 'Dallamos u. 3.', NULL),
(364, 'Kőváros', 'Ártér u. 15.', NULL),
(365, 'Sárgahegy', 'Járóka u. 49.', NULL),
(366, 'Zöldhely', 'Fenyő u. 97.', NULL),
(367, 'Sárgahegy', 'Ananász u. 45.', NULL),
(368, 'Kőváros', 'Almás u. 87.', NULL),
(369, 'Barackfalva', 'Felvidék u. 20.', NULL),
(370, 'Kékség', 'Kazán u. 96.', NULL),
(371, 'Kőváros', 'Deák u. 103.', NULL),
(372, 'Barackfalva', 'Gőz u. 73.', NULL),
(373, 'Sárgahegy', 'Füge u. 57.', NULL),
(374, 'Kőváros', 'Cselló u. 93.', NULL),
(375, 'Kőváros', 'Alom u. 27.', NULL),
(376, 'Kékség', 'Felvidék u. 59.', NULL),
(377, 'Kékség', 'Gép u. 70.', NULL),
(378, 'Kékség', 'Alkotmány u. 59.', NULL),
(379, 'Zöldhely', 'Ali u. 77.', NULL),
(380, 'Zöldhely', 'Harag u. 65.', NULL),
(381, 'Kőváros', 'Bagamér u. 70.', NULL),
(382, 'Kőváros', 'Csordás u. 20.', NULL),
(383, 'Kőváros', 'Kulcs u. 82.', NULL),
(384, 'Kékség', 'Dália u. 54.', NULL),
(385, 'Kékség', 'Bontó u. 67.', NULL),
(386, 'Barackfalva', 'Gát u. 67.', NULL),
(387, 'Barackfalva', 'Kun u. 21.', NULL),
(388, 'Zöldhely', 'Juhos u. 81.', NULL),
(389, 'Barackfalva', 'Diós u. 95.', NULL),
(390, 'Barackfalva', 'Irány u. 60.', NULL),
(391, 'Sárgahegy', 'Ják u. 43.', NULL),
(392, 'Kőváros', 'Füles u. 27.', NULL),
(393, 'Kékség', 'Janicsár u. 80.', NULL),
(394, 'Sárgahegy', 'Juhos u. 53.', NULL),
(395, 'Sárgahegy', 'Kapor u. 72.', NULL),
(396, 'Zöldhely', 'Csiga u. 32.', NULL),
(397, 'Barackfalva', 'Gyűszű u. 1.', NULL),
(398, 'Barackfalva', 'Kórház u. 49.', NULL),
(399, 'Kőváros', 'Kerekes u. 103.', NULL),
(400, 'Barackfalva', 'Csíz u. 63.', NULL),
(401, 'Sárgahegy', 'Kámfor u. 16.', NULL),
(402, 'Sárgahegy', 'Cirmos u. 66.', NULL),
(403, 'Kékség', 'Boglári u. 11.', NULL),
(404, 'Kékség', 'Jós u. 9.', NULL),
(405, 'Sárgahegy', 'Csatorna u. 10.', NULL),
(406, 'Kékség', 'Kártya u. 103.', NULL),
(407, 'Kékség', 'Kút u. 49.', NULL),
(408, 'Zöldhely', 'Bogár u. 32.', NULL),
(409, 'Zöldhely', 'Bácskai u. 66.', NULL),
(410, 'Kékség', 'Cillei u. 11.', NULL),
(411, 'Barackfalva', 'Hintó u. 60.', NULL),
(412, 'Sárgahegy', 'Gőz u. 16.', NULL),
(413, 'Sárgahegy', 'Had u. 10.', NULL),
(414, 'Barackfalva', 'Kapor u. 45.', NULL),
(415, 'Zöldhely', 'Fenyő u. 100.', NULL),
(416, 'Sárgahegy', 'Gomb u. 82.', NULL),
(417, 'Sárgahegy', 'Csoma u. 75.', NULL),
(418, 'Sárgahegy', 'Kaszinó u. 34.', NULL),
(419, 'Kőváros', 'Fal u. 22.', NULL),
(420, 'Kékség', 'Album u. 6.', NULL),
(421, 'Kőváros', 'Csap u. 47.', NULL),
(422, 'Barackfalva', 'Citrom u. 102.', NULL),
(423, 'Kékség', 'Dűlő u. 94.', NULL),
(424, 'Barackfalva', 'Bazsalikom u. 54.', NULL),
(425, 'Kékség', 'Ászok u. 58.', NULL),
(426, 'Kőváros', 'Aradi u. 96.', NULL),
(427, 'Zöldhely', 'Ámor u. 24.', NULL),
(428, 'Sárgahegy', 'Kereplő u. 28.', NULL),
(429, 'Barackfalva', 'Gubó u. 62.', NULL),
(430, 'Kékség', 'Gubó u. 10.', NULL),
(431, 'Kőváros', 'Iszap u. 88.', NULL),
(432, 'Zöldhely', 'Kőszál u. 57.', NULL),
(433, 'Barackfalva', 'Hír u. 22.', NULL),
(434, 'Barackfalva', 'Borz u. 79.', NULL),
(435, 'Barackfalva', 'Arnold u. 8.', NULL),
(436, 'Kékség', 'Kőbánya u. 15.', NULL),
(437, 'Zöldhely', 'Akácos u. 90.', NULL),
(438, 'Zöldhely', 'Abaújvár u. 8.', NULL),
(439, 'Sárgahegy', 'Kártya u. 27.', NULL),
(440, 'Barackfalva', 'Irtás u. 57.', NULL),
(441, 'Kékség', 'Ispáng u. 99.', NULL),
(442, 'Kőváros', 'Krajcár u. 26.', NULL),
(443, 'Sárgahegy', 'Enying u. 102.', NULL),
(444, 'Barackfalva', 'Fő u. 34.', NULL),
(445, 'Barackfalva', 'Kőzet u. 5.', NULL),
(446, 'Zöldhely', 'Garam u. 27.', NULL),
(447, 'Barackfalva', 'Héja u. 47.', NULL),
(448, 'Kőváros', 'Kőszál u. 100.', NULL),
(449, 'Barackfalva', 'Erdőss u. 44.', NULL),
(450, 'Barackfalva', 'Betű u. 61.', NULL),
(451, 'Kőváros', 'Adorján u. 48.', NULL),
(452, 'Kékség', 'Cser u. 71.', NULL),
(453, 'Barackfalva', 'Balassa u. 23.', NULL),
(454, 'Kékség', 'Hegedűs u. 38.', NULL),
(455, 'Kőváros', 'Kút u. 69.', NULL),
(456, 'Kékség', 'Aradi vértanúk u. 32.', NULL),
(457, 'Kékség', 'Füles u. 43.', NULL),
(458, 'Barackfalva', 'Csapágy u. 16.', NULL),
(459, 'Kékség', 'Akácvirág u. 4.', NULL),
(460, 'Kékség', 'Hajas u. 101.', NULL),
(461, 'Zöldhely', 'Gubó u. 60.', NULL),
(462, 'Sárgahegy', 'Dél u. 77.', NULL),
(463, 'Zöldhely', 'Gyalu u. 15.', NULL),
(464, 'Zöldhely', 'Gimnázium u. 36.', NULL),
(465, 'Kékség', 'Járőr u. 25.', NULL),
(466, 'Barackfalva', 'Bárány u. 11.', NULL),
(467, 'Kékség', 'Birsalma u. 12.', NULL),
(468, 'Kékség', 'Akácfa u. 13.', NULL),
(469, 'Sárgahegy', 'Csalló u. 14.', NULL),
(470, 'Kőváros', 'Hám u. 30.', NULL),
(471, 'Zöldhely', 'Bertalan u. 79.', NULL),
(472, 'Zöldhely', 'Álom u. 74.', NULL),
(473, 'Kékség', 'Kisbér u. 39.', NULL),
(474, 'Sárgahegy', 'Koma u. 68.', NULL),
(475, 'Sárgahegy', 'Ámor u. 103.', NULL),
(476, 'Barackfalva', 'Álom u. 87.', NULL),
(477, 'Sárgahegy', 'Körző u. 30.', NULL),
(478, 'Sárgahegy', 'Csendes u. 80.', NULL),
(479, 'Barackfalva', 'Abaújvár u. 54.', NULL),
(480, 'Sárgahegy', 'Garas u. 49.', NULL),
(481, 'Zöldhely', 'Kondás u. 89.', NULL),
(482, 'Barackfalva', 'Katica u. 8.', NULL),
(483, 'Barackfalva', 'Bánát u. 65.', NULL),
(484, 'Barackfalva', 'Hentes u. 9.', NULL),
(485, 'Sárgahegy', 'Akácvirág u. 53.', NULL),
(486, 'Zöldhely', 'Költő u. 102.', NULL),
(487, 'Kékség', 'Iroda u. 14.', NULL),
(488, 'Barackfalva', 'Hajadon u. 30.', NULL),
(489, 'Zöldhely', 'Fűz u. 104.', NULL),
(490, 'Barackfalva', 'Csala u. 85.', NULL),
(491, 'Zöldhely', 'Égető u. 35.', NULL),
(492, 'Kőváros', 'Alsóőr u. 36.', NULL),
(493, 'Zöldhely', 'Hermina u. 57.', NULL),
(494, 'Kékség', 'Gyűrű u. 22.', NULL),
(495, 'Kőváros', 'Csipke u. 21.', NULL),
(496, 'Barackfalva', 'Csűr u. 10.', NULL),
(497, 'Barack', 'Csá 1', NULL);

-- --------------------------------------------------------

--
-- Tábla szerkezet ehhez a táblához `menu`
--

CREATE TABLE `menu` (
  `url` varchar(30) NOT NULL,
  `nev` varchar(30) NOT NULL,
  `szulo` varchar(30) NOT NULL,
  `jogosultsag` varchar(4) NOT NULL,
  `sorrend` tinyint(4) NOT NULL
) ENGINE=InnoDB DEFAULT CHARSET=utf8 COLLATE=utf8_general_ci;

--
-- A tábla adatainak kiíratása `menu`
--

INSERT INTO `menu` (`url`, `nev`, `szulo`, `jogosultsag`, `sorrend`) VALUES
('admin', 'Admin', '', '0001', 80),
('alapinfok', 'Alapinfók', 'elerhetoseg', '1111', 40),
('apitibor', 'Lekérdezés', 'admin', '0001', 12),
('belepes', 'Belépés', '', '1000', 60),
('elerhetoseg', 'Elérhetőség', '', '1111', 20),
('helyek', 'Helyek', '', '0111', 11),
('kiegeszitesek', 'Kiegészítések', 'elerhetoseg', '0111', 50),
('kilepes', 'Kilépés', '', '0111', 70),
('munkalap', 'Munkalap', '', '0011', 23),
('munkalapmodosit', 'Munkalap módosítása', 'munkalap', '0011', 24),
('nyitolap', 'Nyitólap', '', '1111', 10),
('szerelo', 'Szerelo', '', '0001', 24),
('ujhelyek', 'Új hely hozzáadása', 'helyek', '0001', 45),
('ujmunkalap', 'Új munkalap hozzáadása', 'munkalap', '0001', 34),
('ujszerelo', 'Új szerelő hozzáadása', 'szerelo', '0001', 50);

-- --------------------------------------------------------

--
-- Tábla szerkezet ehhez a táblához `munkalap`
--

CREATE TABLE `munkalap` (
  `az` int(11) NOT NULL,
  `bedatum` date NOT NULL,
  `javdatum` date NOT NULL,
  `helyaz` int(11) NOT NULL,
  `szereloaz` int(11) NOT NULL,
  `munkaora` float NOT NULL,
  `anyagar` float NOT NULL,
  `deactivate` int(11) DEFAULT NULL
) ENGINE=InnoDB DEFAULT CHARSET=utf8mb4 COLLATE=utf8mb4_general_ci;

--
-- A tábla adatainak kiíratása `munkalap`
--

INSERT INTO `munkalap` (`az`, `bedatum`, `javdatum`, `helyaz`, `szereloaz`, `munkaora`, `anyagar`, `deactivate`) VALUES
(2, '2001-05-28', '2001-05-31', 163, 5, 2, 3721, NULL),
(3, '2001-02-26', '2001-03-02', 96, 3, 3, 1432, NULL),
(4, '2001-03-19', '2001-03-22', 242, 6, 3, 3016, NULL),
(5, '2001-05-14', '2001-05-16', 452, 2, 3, 1434, NULL),
(6, '2001-05-24', '2001-05-26', 171, 2, 2, 2666, NULL),
(7, '2001-04-11', '2001-04-14', 391, 6, 1, 901, NULL),
(8, '2001-08-29', '2001-08-30', 114, 4, 1, 3498, NULL),
(9, '2001-07-07', '2001-07-09', 488, 5, 3, 5186, NULL),
(10, '2001-09-11', '2001-09-15', 308, 5, 1, 4377, NULL),
(11, '2001-08-30', '2001-08-31', 327, 2, 1, 2962, NULL),
(12, '2001-12-19', '2001-12-22', 59, 4, 3, 3185, NULL),
(13, '2001-09-14', '2001-09-15', 393, 5, 3, 3756, NULL),
(14, '2001-10-11', '2001-10-14', 401, 4, 1, 2894, NULL),
(15, '2001-04-13', '2001-04-13', 190, 4, 1, 4259, NULL),
(16, '2001-05-20', '2001-05-23', 45, 6, 3, 1636, NULL),
(17, '2001-01-29', '2001-01-31', 372, 3, 1, 2250, NULL),
(18, '2001-12-21', '2001-12-24', 169, 6, 1, 5085, NULL),
(19, '2002-01-08', '2002-01-10', 216, 2, 2, 2023, NULL),
(20, '2001-11-13', '2001-11-13', 430, 1, 3, 5407, NULL),
(21, '2001-10-22', '2001-10-22', 100, 3, 1, 1255, NULL),
(22, '2001-01-19', '2001-01-20', 366, 2, 1, 1788, NULL),
(23, '2001-12-22', '2001-12-23', 355, 2, 1, 713, NULL),
(24, '2001-04-12', '2001-04-15', 135, 5, 3, 4308, NULL),
(25, '2001-09-07', '2001-09-07', 279, 5, 1, 1023, NULL),
(26, '2002-01-22', '2002-01-26', 221, 3, 1, 1130, NULL),
(27, '2002-01-30', '2002-02-03', 35, 6, 1, 1022, NULL),
(28, '2001-10-02', '2001-10-04', 445, 5, 1, 1155, NULL),
(29, '2001-02-19', '2001-02-22', 271, 1, 1, 2378, NULL),
(30, '2001-08-26', '2001-08-30', 412, 1, 1, 2938, NULL),
(31, '2001-03-19', '2001-03-22', 484, 5, 1, 3366, NULL),
(32, '2001-02-20', '2001-02-22', 430, 5, 2, 1567, NULL),
(33, '2001-05-07', '2001-05-10', 245, 1, 1, 1730, NULL),
(34, '2001-12-03', '2001-12-06', 313, 4, 2, 3489, NULL),
(35, '2001-08-27', '2001-08-27', 462, 6, 1, 4930, NULL),
(36, '2001-07-21', '2001-07-25', 214, 3, 2, 1172, NULL),
(37, '2001-12-15', '2001-12-16', 411, 5, 1, 3928, NULL),
(38, '2001-11-06', '2001-11-10', 194, 5, 3, 5491, NULL),
(39, '2001-01-28', '2001-01-30', 175, 4, 1, 4733, NULL),
(40, '2001-09-05', '2001-09-08', 143, 1, 3, 4853, NULL),
(41, '2001-11-30', '2001-12-01', 279, 6, 1, 1520, NULL),
(42, '2001-02-16', '2001-02-18', 150, 6, 2, 3427, NULL),
(43, '2001-08-31', '2001-09-02', 470, 6, 1, 3859, NULL),
(44, '2001-04-03', '2001-04-04', 369, 4, 3, 1487, NULL),
(45, '2001-04-30', '2001-05-02', 431, 5, 2, 1448, NULL),
(46, '2001-05-23', '2001-05-27', 263, 2, 1, 5161, NULL),
(47, '2001-05-01', '2001-05-02', 385, 1, 2, 4473, NULL),
(48, '2001-03-15', '2001-03-16', 319, 6, 2, 2542, NULL),
(49, '2001-01-21', '2001-01-25', 74, 3, 1, 1873, NULL),
(50, '2001-06-02', '2001-06-02', 417, 6, 1, 3674, NULL),
(51, '2001-07-15', '2001-07-17', 330, 6, 2, 3500, NULL),
(52, '2001-07-22', '2001-07-24', 113, 2, 1, 5388, NULL),
(53, '2001-11-02', '2001-11-06', 382, 3, 2, 3508, NULL),
(54, '2002-01-22', '2002-01-26', 377, 2, 1, 4769, NULL),
(55, '2001-01-21', '2001-01-24', 328, 5, 2, 4724, NULL),
(56, '2001-05-28', '2001-05-29', 344, 5, 2, 4981, NULL),
(57, '2001-03-27', '2001-03-28', 159, 4, 3, 608, NULL),
(58, '2001-09-07', '2001-09-10', 94, 3, 3, 550, NULL),
(59, '2001-05-25', '2001-05-27', 457, 6, 3, 3842, NULL),
(60, '2001-05-05', '2001-05-07', 221, 6, 1, 1306, NULL),
(61, '2001-04-24', '2001-04-25', 207, 1, 1, 4929, NULL),
(62, '2001-02-21', '2001-02-24', 34, 1, 3, 3978, NULL),
(63, '2001-10-04', '2001-10-06', 172, 3, 1, 1784, NULL),
(64, '2001-01-04', '2001-01-07', 137, 3, 2, 2420, NULL),
(65, '2001-05-05', '2001-05-09', 130, 4, 2, 4602, NULL),
(66, '2001-07-24', '2001-07-27', 226, 2, 3, 4234, NULL),
(67, '2001-08-30', '2001-09-02', 471, 3, 2, 3704, NULL),
(68, '2002-01-09', '2002-01-13', 160, 2, 3, 1117, NULL),
(69, '2001-12-07', '2001-12-09', 410, 1, 3, 1260, NULL),
(70, '2001-10-15', '2001-10-15', 254, 2, 3, 2689, NULL),
(71, '2001-10-10', '2001-10-11', 137, 4, 3, 3041, NULL),
(72, '2001-09-25', '2001-09-29', 165, 3, 1, 1367, NULL),
(73, '2001-09-07', '2001-09-08', 476, 6, 1, 3317, NULL),
(74, '2001-11-20', '2001-11-21', 301, 3, 2, 3160, NULL),
(75, '2001-07-27', '2001-07-28', 244, 5, 1, 1680, NULL),
(76, '2001-07-05', '2001-07-07', 175, 4, 2, 4404, NULL),
(77, '2001-10-02', '2001-10-06', 24, 5, 3, 4514, NULL),
(78, '2002-01-15', '2002-01-17', 339, 2, 2, 4126, NULL),
(79, '2001-07-01', '2001-07-02', 482, 3, 2, 1078, NULL),
(80, '2001-09-21', '2001-09-24', 209, 4, 1, 4795, NULL),
(81, '2001-09-17', '2001-09-18', 182, 1, 1, 1765, NULL),
(82, '2001-02-05', '2001-02-05', 300, 2, 2, 3257, NULL),
(83, '2001-06-26', '2001-06-28', 431, 1, 2, 3438, NULL),
(84, '2001-05-23', '2001-05-27', 8, 1, 3, 649, NULL),
(85, '2001-12-08', '2001-12-12', 81, 3, 3, 3832, NULL),
(86, '2001-04-11', '2001-04-11', 387, 6, 2, 2244, NULL),
(87, '2001-10-08', '2001-10-10', 456, 1, 3, 919, NULL),
(88, '2001-08-15', '2001-08-19', 490, 3, 3, 3274, NULL),
(89, '2001-04-30', '2001-05-02', 325, 3, 1, 4470, NULL),
(90, '2001-09-18', '2001-09-18', 88, 1, 3, 630, NULL),
(91, '2001-08-23', '2001-08-23', 321, 1, 2, 5420, NULL),
(92, '2001-02-05', '2001-02-08', 367, 2, 3, 1576, NULL),
(93, '2001-03-01', '2001-03-02', 202, 2, 1, 3926, NULL),
(94, '2001-04-24', '2001-04-28', 431, 6, 2, 2697, NULL),
(95, '2001-12-09', '2001-12-10', 351, 1, 3, 2028, NULL),
(96, '2002-02-02', '2002-02-06', 44, 6, 1, 4369, NULL),
(97, '2001-12-25', '2001-12-29', 418, 1, 3, 3009, NULL),
(98, '2001-05-30', '2001-06-01', 123, 2, 2, 3309, NULL),
(99, '2001-10-12', '2001-10-14', 22, 2, 3, 4393, NULL),
(100, '2001-05-21', '2001-05-21', 318, 6, 3, 2718, NULL),
(101, '2001-05-31', '2001-05-31', 15, 2, 2, 3094, NULL),
(102, '2002-01-27', '2002-01-31', 45, 2, 1, 4596, NULL),
(103, '2001-08-10', '2001-08-13', 3, 1, 3, 4644, NULL),
(104, '2001-11-13', '2001-11-17', 368, 2, 3, 4573, NULL),
(105, '2001-06-12', '2001-06-13', 154, 2, 2, 1506, NULL),
(106, '2001-09-21', '2001-09-23', 428, 1, 3, 3096, NULL),
(107, '2001-10-21', '2001-10-24', 424, 2, 1, 2876, NULL),
(108, '2001-05-13', '2001-05-15', 91, 5, 2, 549, NULL),
(109, '2001-03-26', '2001-03-30', 364, 5, 3, 790, NULL),
(110, '2001-11-10', '2001-11-11', 450, 5, 1, 3357, NULL),
(111, '2002-01-09', '2002-01-10', 1, 1, 3, 894, NULL),
(112, '2001-07-31', '2001-08-01', 68, 3, 1, 3108, NULL),
(113, '2001-03-12', '2001-03-13', 164, 2, 3, 4361, NULL),
(114, '2001-11-21', '2001-11-25', 265, 6, 3, 4613, NULL),
(115, '2001-05-15', '2001-05-17', 246, 4, 3, 4384, NULL),
(116, '2001-01-04', '2001-01-07', 8, 3, 2, 3778, NULL),
(117, '2001-04-17', '2001-04-19', 404, 3, 3, 2198, NULL),
(118, '2001-09-26', '2001-09-26', 295, 4, 3, 2959, NULL),
(119, '2001-06-25', '2001-06-26', 255, 3, 2, 881, NULL),
(120, '2001-11-16', '2001-11-17', 347, 2, 1, 3762, NULL),
(121, '2001-12-27', '2001-12-30', 242, 1, 2, 4832, NULL),
(122, '2001-02-21', '2001-02-23', 204, 1, 1, 560, NULL),
(123, '2001-03-04', '2001-03-06', 390, 5, 3, 1979, NULL),
(124, '2002-01-15', '2002-01-19', 158, 2, 3, 1231, NULL),
(125, '2001-04-18', '2001-04-22', 381, 1, 1, 2419, NULL),
(126, '2001-03-26', '2001-03-29', 252, 1, 1, 1948, NULL),
(127, '2002-01-03', '2002-01-07', 83, 6, 2, 1524, NULL),
(128, '2001-05-29', '2001-06-01', 55, 1, 3, 1770, NULL),
(129, '2001-07-27', '2001-07-27', 32, 2, 1, 1700, NULL),
(130, '2001-10-01', '2001-10-01', 239, 1, 1, 2721, NULL),
(131, '2001-07-18', '2001-07-22', 450, 3, 3, 4598, NULL),
(132, '2001-07-02', '2001-07-04', 148, 6, 1, 4003, NULL),
(133, '2001-03-05', '2001-03-06', 412, 1, 1, 1363, NULL),
(134, '2001-12-24', '2001-12-26', 222, 1, 2, 5086, NULL),
(135, '2001-04-07', '2001-04-07', 333, 4, 2, 999, NULL),
(136, '2001-08-14', '2001-08-18', 344, 1, 3, 1247, NULL),
(137, '2001-01-10', '2001-01-12', 173, 2, 3, 1777, NULL),
(138, '2001-07-17', '2001-07-18', 272, 3, 2, 1147, NULL),
(139, '2001-11-23', '2001-11-27', 148, 6, 3, 2131, NULL),
(140, '2001-08-25', '2001-08-26', 467, 1, 2, 4152, NULL),
(141, '2001-12-04', '2001-12-06', 25, 3, 3, 3322, NULL),
(142, '2001-11-03', '2001-11-05', 414, 5, 3, 3704, NULL),
(143, '2001-11-16', '2001-11-16', 129, 5, 2, 2193, NULL),
(144, '2001-12-02', '2001-12-03', 171, 2, 3, 3576, NULL),
(145, '2001-01-31', '2001-02-02', 94, 1, 3, 2442, NULL),
(146, '2001-01-23', '2001-01-24', 64, 2, 1, 4733, NULL),
(147, '2001-09-06', '2001-09-10', 202, 3, 1, 3230, NULL),
(148, '2001-03-13', '2001-03-16', 269, 2, 3, 2481, NULL),
(149, '2001-02-16', '2001-02-18', 381, 4, 3, 3213, NULL),
(150, '2001-05-06', '2001-05-10', 108, 3, 3, 2786, NULL),
(151, '2001-10-24', '2001-10-26', 303, 6, 2, 3552, NULL),
(152, '2002-02-03', '2002-02-03', 15, 5, 1, 1810, NULL),
(153, '2001-05-24', '2001-05-24', 169, 6, 3, 3419, NULL),
(154, '2002-01-15', '2002-01-16', 205, 2, 2, 1136, NULL),
(155, '2001-05-12', '2001-05-15', 80, 1, 2, 3598, NULL),
(156, '2001-08-31', '2001-09-01', 159, 4, 2, 5313, NULL),
(157, '2002-01-04', '2002-01-06', 234, 5, 3, 3608, NULL),
(158, '2001-12-02', '2001-12-06', 260, 2, 3, 4468, NULL),
(159, '2001-07-26', '2001-07-27', 480, 3, 1, 4824, NULL),
(160, '2001-04-06', '2001-04-09', 17, 3, 1, 4479, NULL),
(161, '2001-10-27', '2001-10-31', 115, 5, 3, 5003, NULL),
(162, '2001-10-30', '2001-11-01', 132, 3, 1, 4055, NULL),
(163, '2002-01-13', '2002-01-14', 126, 1, 1, 3812, NULL),
(164, '2001-12-21', '2001-12-23', 453, 5, 1, 4191, NULL),
(165, '2001-07-28', '2001-07-29', 231, 6, 2, 4054, NULL),
(166, '2001-07-13', '2001-07-14', 178, 2, 2, 3260, NULL),
(167, '2001-05-12', '2001-05-14', 24, 3, 1, 3068, NULL),
(168, '2001-03-22', '2001-03-23', 151, 2, 1, 1870, NULL),
(169, '2001-07-03', '2001-07-04', 484, 3, 2, 2948, NULL),
(170, '2001-07-31', '2001-08-01', 255, 5, 3, 4324, NULL),
(171, '2001-07-12', '2001-07-13', 304, 1, 1, 568, NULL),
(172, '2001-11-07', '2001-11-10', 44, 1, 1, 3346, NULL),
(173, '2001-04-02', '2001-04-06', 364, 2, 1, 2103, NULL),
(174, '2001-01-13', '2001-01-15', 182, 2, 1, 1785, NULL),
(175, '2001-04-05', '2001-04-09', 322, 3, 2, 1791, NULL),
(176, '2001-05-19', '2001-05-21', 485, 6, 1, 1344, NULL),
(177, '2001-01-21', '2001-01-24', 192, 4, 3, 3131, NULL),
(178, '2001-07-14', '2001-07-14', 402, 6, 3, 5246, NULL),
(179, '2001-06-27', '2001-06-28', 302, 1, 1, 2217, NULL),
(180, '2001-02-18', '2001-02-18', 198, 2, 3, 2632, NULL),
(181, '2001-01-04', '2001-01-06', 175, 3, 2, 3051, NULL),
(182, '2001-04-20', '2001-04-20', 58, 1, 1, 651, NULL),
(183, '2001-01-24', '2001-01-28', 180, 1, 2, 1780, NULL),
(184, '2001-12-25', '2001-12-27', 87, 1, 2, 1385, NULL),
(185, '2001-02-04', '2001-02-08', 12, 6, 1, 4365, NULL),
(186, '2001-12-15', '2001-12-19', 88, 5, 3, 2730, NULL),
(187, '2001-10-13', '2001-10-17', 45, 3, 2, 2460, NULL),
(188, '2001-04-06', '2001-04-07', 396, 4, 1, 520, NULL),
(189, '2001-01-16', '2001-01-20', 397, 4, 1, 5486, NULL),
(190, '2001-04-12', '2001-04-12', 379, 3, 1, 3787, NULL),
(191, '2001-02-20', '2001-02-21', 298, 4, 2, 719, NULL),
(192, '2001-09-24', '2001-09-25', 406, 6, 3, 513, NULL),
(193, '2001-03-13', '2001-03-14', 241, 3, 2, 2155, NULL),
(194, '2001-05-06', '2001-05-08', 429, 4, 1, 4810, NULL),
(195, '2001-03-14', '2001-03-18', 350, 2, 3, 5128, NULL),
(196, '2001-10-10', '2001-10-12', 274, 6, 3, 5456, NULL),
(197, '2001-12-18', '2001-12-22', 83, 3, 2, 4228, NULL),
(198, '2001-04-09', '2001-04-10', 192, 5, 3, 677, NULL),
(199, '2001-09-13', '2001-09-13', 192, 2, 2, 3793, NULL),
(200, '2001-05-31', '2001-06-01', 48, 5, 1, 3231, NULL),
(201, '2001-09-18', '2001-09-19', 320, 1, 1, 2666, NULL),
(202, '2001-07-03', '2001-07-04', 461, 3, 3, 4411, NULL),
(203, '2001-07-04', '2001-07-07', 376, 2, 3, 3992, NULL),
(204, '2001-05-25', '2001-05-29', 239, 6, 1, 613, NULL),
(205, '2001-03-07', '2001-03-09', 8, 4, 2, 4655, NULL),
(206, '2001-07-02', '2001-07-04', 204, 6, 1, 1427, NULL),
(207, '2001-09-26', '2001-09-30', 19, 2, 2, 4041, NULL),
(208, '2001-03-24', '2001-03-25', 403, 1, 1, 5383, NULL),
(209, '2001-01-10', '2001-01-14', 87, 6, 2, 2525, NULL),
(210, '2001-08-30', '2001-08-30', 2, 1, 1, 4777, NULL),
(211, '2001-08-16', '2001-08-16', 162, 5, 1, 1375, NULL),
(212, '2001-01-21', '2001-01-25', 467, 4, 1, 2116, NULL),
(213, '2001-01-22', '2001-01-23', 146, 1, 3, 5179, NULL),
(214, '2001-11-25', '2001-11-27', 238, 4, 3, 4606, NULL),
(215, '2001-08-16', '2001-08-19', 412, 2, 2, 1930, NULL),
(216, '2001-10-04', '2001-10-06', 311, 3, 3, 4294, NULL),
(217, '2001-12-22', '2001-12-23', 142, 6, 1, 4355, NULL),
(218, '2001-11-12', '2001-11-14', 473, 3, 2, 3092, NULL),
(219, '2001-07-24', '2001-07-24', 252, 5, 3, 4050, NULL),
(220, '2001-08-26', '2001-08-27', 487, 2, 3, 1797, NULL),
(221, '2001-12-04', '2001-12-06', 185, 1, 3, 823, NULL),
(222, '2001-10-29', '2001-11-01', 171, 1, 3, 1506, NULL),
(223, '2001-02-15', '2001-02-15', 249, 2, 2, 2551, NULL),
(224, '2001-01-13', '2001-01-13', 354, 3, 3, 2685, NULL),
(225, '2001-09-03', '2001-09-05', 45, 2, 3, 3261, NULL),
(226, '2001-07-25', '2001-07-26', 373, 3, 3, 2233, NULL),
(227, '2001-07-22', '2001-07-25', 312, 6, 3, 5468, NULL),
(228, '2001-05-26', '2001-05-26', 192, 5, 1, 2143, NULL),
(229, '2001-11-04', '2001-11-06', 41, 5, 2, 1008, NULL),
(230, '2001-04-20', '2001-04-21', 317, 6, 1, 3761, NULL),
(231, '2001-11-20', '2001-11-24', 273, 6, 2, 3467, NULL),
(232, '2001-06-23', '2001-06-23', 70, 2, 2, 2424, NULL),
(233, '2001-12-04', '2001-12-08', 316, 2, 2, 2849, NULL),
(234, '2001-07-06', '2001-07-08', 115, 3, 2, 4979, NULL),
(235, '2001-06-09', '2001-06-09', 444, 4, 1, 4764, NULL),
(236, '2001-10-20', '2001-10-23', 110, 6, 3, 2145, NULL),
(237, '2001-05-11', '2001-05-14', 303, 6, 2, 4203, NULL),
(238, '2001-01-28', '2001-01-28', 200, 3, 3, 1338, NULL),
(239, '2001-08-22', '2001-08-25', 321, 2, 3, 4845, NULL),
(240, '2001-12-10', '2001-12-14', 77, 3, 2, 1572, NULL),
(241, '2001-04-23', '2001-04-26', 128, 5, 2, 1456, NULL),
(242, '2001-06-18', '2001-06-18', 114, 6, 3, 3321, NULL),
(243, '2001-04-25', '2001-04-29', 276, 2, 2, 1625, NULL),
(244, '2001-09-07', '2001-09-08', 33, 6, 1, 3252, NULL),
(245, '2001-01-09', '2001-01-10', 199, 6, 1, 3316, NULL),
(246, '2001-07-30', '2001-07-30', 224, 5, 2, 5268, NULL),
(247, '2001-01-04', '2001-01-05', 358, 4, 1, 1184, NULL),
(248, '2001-06-26', '2001-06-29', 111, 5, 1, 3910, NULL),
(249, '2001-08-05', '2001-08-08', 414, 4, 1, 3027, NULL),
(250, '2001-08-25', '2001-08-26', 340, 5, 3, 914, NULL),
(251, '2001-12-25', '2001-12-29', 207, 1, 1, 2316, NULL),
(252, '2001-09-07', '2001-09-07', 466, 6, 1, 2611, NULL),
(253, '2001-06-17', '2001-06-18', 459, 1, 2, 868, NULL),
(254, '2001-01-09', '2001-01-13', 371, 3, 1, 2283, NULL),
(255, '2001-03-19', '2001-03-23', 441, 3, 1, 3495, NULL),
(256, '2001-09-17', '2001-09-19', 178, 1, 2, 3295, NULL),
(257, '2001-04-25', '2001-04-26', 19, 4, 2, 5402, NULL),
(258, '2001-07-19', '2001-07-19', 421, 5, 2, 3793, NULL),
(259, '2001-05-23', '2001-05-25', 489, 3, 3, 2948, NULL),
(260, '2001-12-28', '2001-12-28', 215, 2, 1, 1218, NULL),
(261, '2001-08-09', '2001-08-12', 328, 3, 3, 1758, NULL),
(262, '2001-01-13', '2001-01-16', 53, 2, 1, 679, NULL),
(263, '2001-04-10', '2001-04-10', 264, 6, 3, 4300, NULL),
(264, '2002-01-19', '2002-01-22', 192, 1, 1, 1925, NULL),
(265, '2001-06-10', '2001-06-12', 135, 4, 3, 777, NULL),
(266, '2001-01-09', '2001-01-09', 26, 3, 2, 905, NULL),
(267, '2001-02-11', '2001-02-14', 286, 4, 3, 4385, NULL),
(268, '2001-08-30', '2001-08-31', 11, 6, 3, 880, NULL),
(269, '2001-03-16', '2001-03-17', 78, 2, 1, 711, NULL),
(270, '2001-08-21', '2001-08-23', 102, 5, 3, 4462, NULL),
(271, '2001-01-03', '2001-01-03', 93, 4, 2, 2398, NULL),
(272, '2001-02-13', '2001-02-14', 213, 6, 2, 2933, NULL),
(273, '2001-12-18', '2001-12-19', 195, 5, 2, 5200, NULL),
(274, '2001-11-02', '2001-11-02', 39, 6, 1, 3988, NULL),
(275, '2001-06-21', '2001-06-22', 277, 1, 3, 3451, NULL),
(276, '2001-11-07', '2001-11-07', 96, 2, 2, 914, NULL),
(277, '2001-04-27', '2001-04-30', 100, 3, 1, 901, NULL),
(278, '2001-02-01', '2001-02-03', 33, 4, 3, 2320, NULL),
(279, '2001-06-13', '2001-06-15', 149, 2, 2, 2702, NULL),
(280, '2001-11-11', '2001-11-14', 314, 2, 2, 4451, NULL),
(281, '2001-07-16', '2001-07-20', 287, 2, 1, 1992, NULL),
(282, '2001-08-05', '2001-08-09', 375, 6, 2, 2085, NULL),
(283, '2001-09-28', '2001-09-28', 390, 1, 1, 4923, NULL),
(284, '2001-10-20', '2001-10-24', 452, 2, 1, 1121, NULL),
(285, '2001-03-20', '2001-03-23', 152, 4, 2, 1788, NULL),
(286, '2001-01-06', '2001-01-10', 365, 1, 2, 1198, NULL),
(287, '2001-04-15', '2001-04-16', 199, 2, 1, 1256, NULL),
(288, '2001-07-20', '2001-07-24', 228, 5, 3, 533, NULL),
(289, '2001-06-28', '2001-07-02', 68, 1, 2, 2083, NULL),
(290, '2001-10-31', '2001-11-04', 104, 1, 3, 2348, NULL),
(291, '2001-02-17', '2001-02-20', 251, 1, 2, 811, NULL),
(292, '2001-06-08', '2001-06-12', 236, 3, 2, 1760, NULL),
(293, '2001-05-23', '2001-05-25', 202, 3, 2, 3989, NULL),
(294, '2002-01-07', '2002-01-10', 131, 2, 1, 1576, NULL),
(295, '2002-01-31', '2002-02-02', 259, 2, 3, 2188, NULL),
(296, '2001-03-31', '2001-04-04', 264, 1, 3, 2005, NULL),
(297, '2001-02-17', '2001-02-17', 265, 2, 2, 2006, NULL),
(298, '2001-12-18', '2001-12-20', 290, 6, 2, 4905, NULL),
(299, '2001-08-04', '2001-08-05', 189, 4, 1, 5413, NULL),
(300, '2001-01-23', '2001-01-23', 176, 1, 1, 4501, NULL),
(301, '2001-05-17', '2001-05-17', 127, 2, 1, 3906, NULL),
(302, '2001-05-16', '2001-05-20', 24, 6, 2, 3050, NULL),
(303, '2001-12-27', '2001-12-29', 140, 6, 3, 1343, NULL),
(304, '2002-01-20', '2002-01-21', 264, 1, 2, 3461, NULL),
(305, '2001-03-20', '2001-03-20', 439, 6, 2, 956, NULL),
(306, '2001-05-16', '2001-05-18', 304, 5, 2, 4969, NULL),
(307, '2001-02-11', '2001-02-13', 483, 5, 3, 4626, NULL),
(308, '2001-05-26', '2001-05-29', 178, 4, 2, 2939, NULL),
(309, '2001-09-29', '2001-10-02', 136, 1, 1, 2606, NULL),
(310, '2001-12-04', '2001-12-05', 286, 1, 1, 2789, NULL),
(311, '2001-09-08', '2001-09-10', 493, 1, 1, 3973, NULL),
(312, '2001-05-02', '2001-05-05', 194, 6, 2, 1012, NULL),
(313, '2001-12-19', '2001-12-23', 181, 5, 1, 529, NULL),
(314, '2001-06-16', '2001-06-17', 100, 6, 2, 4048, NULL),
(315, '2001-08-23', '2001-08-24', 420, 4, 2, 3516, NULL),
(316, '2001-10-24', '2001-10-25', 110, 2, 1, 2476, NULL),
(317, '2001-08-02', '2001-08-06', 273, 6, 3, 5077, NULL),
(318, '2002-01-22', '2002-01-25', 484, 4, 2, 3889, NULL),
(319, '2002-01-12', '2002-01-13', 399, 1, 2, 3542, NULL),
(320, '2001-02-28', '2001-03-04', 479, 3, 3, 2014, NULL),
(321, '2001-10-07', '2001-10-11', 195, 3, 3, 3057, NULL),
(322, '2001-03-09', '2001-03-13', 245, 6, 1, 5431, NULL),
(323, '2001-01-20', '2001-01-22', 30, 3, 2, 726, NULL),
(324, '2001-12-12', '2001-12-16', 110, 5, 1, 4446, NULL),
(325, '2001-08-13', '2001-08-16', 443, 6, 3, 1468, NULL),
(326, '2001-08-18', '2001-08-21', 77, 6, 3, 4825, NULL),
(327, '2001-08-10', '2001-08-11', 327, 3, 3, 2240, NULL),
(328, '2001-05-31', '2001-06-04', 110, 4, 1, 1060, NULL),
(329, '2001-02-12', '2001-02-12', 366, 6, 3, 770, NULL),
(330, '2001-03-18', '2001-03-18', 9, 6, 1, 2634, NULL),
(331, '2001-02-27', '2001-03-02', 24, 6, 1, 3786, NULL),
(332, '2002-02-03', '2002-02-05', 240, 3, 1, 3628, NULL),
(333, '2001-12-06', '2001-12-07', 281, 6, 3, 858, NULL),
(334, '2002-02-06', '2002-02-06', 103, 2, 3, 2930, NULL),
(335, '2001-05-03', '2001-05-06', 288, 5, 2, 547, NULL),
(336, '2001-02-13', '2001-02-13', 82, 2, 2, 4060, NULL),
(337, '2001-02-10', '2001-02-11', 91, 3, 1, 4562, NULL),
(338, '2001-02-28', '2001-03-03', 489, 5, 3, 682, NULL),
(339, '2001-01-08', '2001-01-09', 365, 4, 3, 1408, NULL),
(340, '2001-08-26', '2001-08-28', 191, 4, 1, 3028, NULL),
(341, '2001-12-20', '2001-12-24', 143, 6, 1, 3247, NULL),
(342, '2001-09-25', '2001-09-25', 461, 5, 3, 2491, NULL),
(343, '2001-05-17', '2001-05-19', 402, 4, 3, 2582, NULL),
(344, '2002-01-11', '2002-01-15', 289, 2, 3, 4313, NULL),
(345, '2001-04-23', '2001-04-25', 410, 1, 2, 1996, NULL),
(346, '2001-01-13', '2001-01-17', 4, 6, 1, 5086, NULL),
(347, '2001-04-09', '2001-04-11', 304, 1, 1, 1361, NULL),
(348, '2001-05-03', '2001-05-05', 233, 2, 1, 2169, NULL),
(349, '2001-03-09', '2001-03-10', 318, 6, 2, 4092, NULL),
(350, '2001-04-22', '2001-04-23', 402, 3, 3, 2577, NULL),
(351, '2001-10-17', '2001-10-18', 129, 2, 2, 4858, NULL),
(352, '2001-01-08', '2001-01-10', 67, 6, 2, 4991, NULL),
(353, '2001-11-20', '2001-11-21', 138, 5, 3, 5288, NULL),
(354, '2002-01-05', '2002-01-09', 201, 6, 1, 1517, NULL),
(355, '2002-01-28', '2002-02-01', 344, 2, 3, 2110, NULL),
(356, '2001-08-16', '2001-08-17', 316, 6, 3, 1981, NULL),
(357, '2001-08-18', '2001-08-18', 420, 3, 2, 4236, NULL),
(358, '2001-09-24', '2001-09-27', 219, 2, 1, 1376, NULL),
(359, '2002-01-12', '2002-01-14', 67, 6, 1, 2314, NULL),
(360, '2001-08-25', '2001-08-25', 82, 2, 2, 2124, NULL),
(361, '2002-01-27', '2002-01-31', 398, 3, 3, 3122, NULL),
(362, '2001-04-08', '2001-04-12', 29, 5, 2, 2759, NULL),
(363, '2001-12-30', '2001-12-31', 203, 5, 1, 2680, NULL),
(364, '2001-08-14', '2001-08-18', 84, 1, 3, 1388, NULL),
(365, '2001-06-24', '2001-06-24', 127, 3, 3, 3946, NULL),
(366, '2001-06-24', '2001-06-28', 212, 6, 1, 5091, NULL),
(367, '2001-12-06', '2001-12-10', 306, 5, 3, 2203, NULL),
(368, '2001-01-22', '2001-01-26', 177, 1, 3, 4625, NULL),
(369, '2001-08-23', '2001-08-26', 282, 5, 3, 1735, NULL),
(370, '2001-11-10', '2001-11-10', 416, 6, 2, 5409, NULL),
(371, '2001-05-01', '2001-05-02', 487, 3, 1, 4450, NULL),
(372, '2001-03-26', '2001-03-28', 216, 2, 1, 1823, NULL),
(373, '2002-02-06', '2002-02-07', 200, 3, 3, 4454, NULL),
(374, '2001-07-19', '2001-07-21', 196, 5, 1, 3274, NULL),
(375, '2001-10-30', '2001-11-03', 152, 1, 3, 2643, NULL),
(376, '2001-02-26', '2001-02-26', 402, 1, 3, 4152, NULL),
(377, '2001-02-06', '2001-02-08', 430, 2, 3, 3584, NULL),
(378, '2001-06-23', '2001-06-25', 3, 5, 2, 3251, NULL),
(379, '2001-10-11', '2001-10-11', 387, 4, 1, 1486, NULL),
(380, '2002-01-13', '2002-01-14', 281, 1, 1, 914, NULL),
(381, '2001-04-24', '2001-04-25', 208, 5, 3, 4716, NULL),
(382, '2002-01-23', '2002-01-23', 194, 6, 2, 2990, NULL),
(383, '2001-02-20', '2001-02-21', 470, 1, 3, 1118, NULL),
(384, '2001-10-04', '2001-10-06', 205, 4, 1, 1092, NULL),
(385, '2001-07-22', '2001-07-23', 123, 4, 2, 1574, NULL),
(386, '2001-05-19', '2001-05-20', 317, 4, 2, 2316, NULL),
(387, '2002-01-25', '2002-01-29', 65, 3, 1, 1760, NULL),
(388, '2002-01-26', '2002-01-30', 45, 4, 2, 1370, NULL),
(389, '2002-02-01', '2002-02-04', 68, 1, 3, 2015, NULL),
(390, '2001-09-23', '2001-09-24', 469, 3, 3, 3148, NULL),
(391, '2002-01-10', '2002-01-11', 2, 3, 3, 1259, NULL),
(392, '2001-11-12', '2001-11-14', 325, 4, 2, 4568, NULL),
(393, '2001-04-18', '2001-04-21', 416, 5, 3, 1594, NULL),
(394, '2001-02-23', '2001-02-26', 66, 1, 2, 4292, NULL),
(395, '2001-09-25', '2001-09-25', 271, 5, 1, 3743, NULL),
(396, '2001-06-07', '2001-06-10', 361, 5, 1, 2858, NULL),
(397, '2001-03-10', '2001-03-11', 458, 6, 2, 622, NULL),
(398, '2001-06-07', '2001-06-09', 134, 4, 1, 2617, NULL),
(399, '2001-12-21', '2001-12-24', 283, 4, 1, 1267, NULL),
(400, '2001-02-27', '2001-03-01', 104, 1, 2, 655, NULL),
(401, '2001-02-18', '2001-02-20', 82, 3, 1, 4966, NULL),
(402, '2001-05-03', '2001-05-03', 366, 1, 2, 4868, NULL),
(403, '2001-10-03', '2001-10-04', 122, 2, 2, 5426, NULL),
(404, '2001-03-25', '2001-03-29', 270, 3, 3, 2818, NULL),
(405, '2001-08-26', '2001-08-26', 409, 5, 3, 1844, NULL),
(406, '2001-05-30', '2001-06-02', 224, 1, 1, 2328, NULL),
(407, '2001-07-10', '2001-07-11', 316, 6, 3, 3880, NULL),
(408, '2001-10-18', '2001-10-20', 36, 6, 3, 4936, NULL),
(409, '2001-07-17', '2001-07-17', 82, 6, 2, 988, NULL),
(410, '2001-05-23', '2001-05-27', 332, 5, 1, 2782, NULL),
(411, '2001-03-28', '2001-03-31', 159, 5, 1, 3229, NULL),
(412, '2001-01-29', '2001-01-30', 42, 2, 3, 3125, NULL),
(413, '2001-07-30', '2001-07-30', 429, 3, 2, 1032, NULL),
(414, '2001-11-10', '2001-11-10', 67, 5, 1, 5213, NULL),
(415, '2001-09-05', '2001-09-07', 436, 5, 3, 1535, NULL),
(416, '2001-01-30', '2001-02-02', 215, 1, 3, 1925, NULL),
(417, '2001-12-30', '2002-01-01', 66, 3, 3, 4253, NULL),
(418, '2001-03-26', '2001-03-26', 192, 3, 1, 2175, NULL),
(419, '2001-03-16', '2001-03-16', 388, 6, 1, 2069, NULL),
(420, '2001-04-15', '2001-04-16', 345, 4, 1, 3344, NULL),
(421, '2001-07-08', '2001-07-11', 174, 1, 1, 5012, NULL),
(422, '2001-09-12', '2001-09-12', 486, 3, 3, 4687, NULL),
(423, '2001-05-31', '2001-06-02', 486, 3, 3, 541, NULL),
(424, '2001-08-14', '2001-08-18', 258, 4, 3, 1322, NULL),
(425, '2001-08-22', '2001-08-25', 269, 1, 3, 4603, NULL),
(426, '2001-03-26', '2001-03-30', 369, 6, 2, 3961, NULL),
(427, '2001-07-03', '2001-07-05', 489, 5, 1, 4360, NULL),
(428, '2001-05-04', '2001-05-04', 145, 4, 3, 5379, NULL),
(429, '2001-09-03', '2001-09-05', 63, 1, 3, 2370, NULL),
(430, '2001-08-17', '2001-08-17', 398, 1, 2, 4811, NULL),
(431, '2001-05-28', '2001-05-29', 360, 2, 3, 2023, NULL),
(432, '2001-02-15', '2001-02-17', 195, 3, 1, 3279, NULL),
(433, '2002-01-09', '2002-01-09', 317, 2, 1, 4381, NULL),
(434, '2001-10-12', '2001-10-16', 192, 3, 3, 3691, NULL),
(435, '2001-10-24', '2001-10-26', 290, 1, 1, 4149, NULL),
(436, '2001-07-09', '2001-07-10', 163, 2, 2, 4710, NULL),
(437, '2002-01-18', '2002-01-19', 154, 4, 3, 2686, NULL),
(438, '2002-01-17', '2002-01-17', 355, 6, 2, 2494, NULL),
(439, '2001-07-17', '2001-07-19', 244, 6, 1, 4557, NULL),
(440, '2001-11-06', '2001-11-08', 389, 1, 1, 861, NULL),
(441, '2001-10-01', '2001-10-04', 324, 3, 3, 1423, NULL),
(442, '2001-06-16', '2001-06-16', 200, 2, 3, 3532, NULL),
(443, '2002-01-18', '2002-01-18', 401, 2, 3, 4900, NULL),
(444, '2002-01-07', '2002-01-09', 182, 4, 2, 3359, NULL),
(445, '2002-01-29', '2002-01-29', 182, 4, 3, 2246, NULL),
(446, '2001-01-07', '2001-01-07', 57, 2, 2, 2612, NULL),
(447, '2001-05-25', '2001-05-27', 176, 6, 3, 2506, NULL),
(448, '2001-05-10', '2001-05-14', 320, 5, 3, 1903, NULL),
(449, '2001-08-29', '2001-08-30', 226, 3, 1, 1749, NULL),
(450, '2002-01-06', '2002-01-07', 236, 4, 2, 3312, NULL),
(451, '2001-04-05', '2001-04-07', 487, 3, 1, 1005, NULL),
(452, '2001-10-15', '2001-10-17', 209, 3, 1, 3345, NULL),
(453, '2001-01-27', '2001-01-30', 194, 2, 2, 5203, NULL),
(454, '2002-01-17', '2002-01-17', 294, 6, 3, 5259, NULL),
(455, '2001-03-12', '2001-03-13', 447, 2, 1, 3035, NULL),
(456, '2002-01-17', '2002-01-17', 320, 6, 2, 4351, NULL),
(457, '2001-02-18', '2001-02-18', 42, 1, 1, 3695, NULL),
(458, '2001-08-04', '2001-08-04', 468, 4, 2, 2766, NULL),
(459, '2001-05-06', '2001-05-08', 118, 1, 2, 5491, NULL),
(460, '2001-11-20', '2001-11-23', 399, 3, 1, 992, NULL),
(461, '2002-01-08', '2002-01-09', 94, 2, 3, 5179, NULL),
(462, '2001-09-04', '2001-09-06', 318, 6, 2, 5121, NULL),
(463, '2001-11-17', '2001-11-18', 151, 5, 3, 5228, NULL),
(464, '2001-12-26', '2001-12-29', 458, 1, 2, 764, NULL),
(465, '2001-10-03', '2001-10-04', 197, 4, 1, 3662, NULL),
(466, '2002-02-04', '2002-02-07', 61, 1, 2, 4541, NULL),
(467, '2001-01-16', '2001-01-19', 298, 6, 1, 955, NULL),
(468, '2002-01-24', '2002-01-26', 301, 5, 3, 3360, NULL),
(469, '2001-06-23', '2001-06-23', 307, 2, 1, 509, NULL),
(470, '2001-12-07', '2001-12-07', 315, 2, 2, 2619, NULL),
(471, '2001-10-03', '2001-10-04', 273, 5, 1, 4298, NULL),
(472, '2001-05-08', '2001-05-12', 427, 3, 3, 1080, NULL),
(473, '2001-09-12', '2001-09-14', 3, 1, 3, 1083, NULL),
(474, '2001-02-13', '2001-02-16', 109, 2, 1, 2766, NULL),
(475, '2001-06-16', '2001-06-16', 188, 4, 2, 2424, NULL),
(476, '2001-04-20', '2001-04-20', 377, 2, 1, 2714, NULL),
(477, '2001-12-17', '2001-12-20', 396, 3, 1, 4043, NULL),
(478, '2001-06-20', '2001-06-23', 19, 1, 2, 3925, NULL),
(479, '2001-07-24', '2001-07-24', 425, 4, 1, 2238, NULL),
(480, '2001-05-02', '2001-05-04', 378, 4, 2, 2073, NULL),
(481, '2001-05-06', '2001-05-08', 357, 6, 1, 2217, NULL),
(482, '2001-02-15', '2001-02-16', 443, 3, 1, 660, NULL),
(483, '2001-10-25', '2001-10-26', 287, 2, 2, 4051, NULL),
(484, '2001-11-28', '2001-12-02', 428, 3, 3, 1243, NULL),
(485, '2001-10-05', '2001-10-05', 439, 1, 3, 3557, NULL),
(486, '2002-01-14', '2002-01-14', 344, 1, 1, 2050, NULL),
(487, '2001-01-17', '2001-01-17', 108, 4, 3, 2252, NULL),
(488, '2002-01-05', '2002-01-06', 202, 2, 2, 3514, NULL),
(489, '2001-07-15', '2001-07-19', 396, 3, 2, 4670, NULL),
(490, '2001-10-23', '2001-10-27', 145, 2, 2, 3970, NULL),
(491, '2001-11-29', '2001-12-03', 405, 2, 3, 1338, NULL),
(492, '2001-11-23', '2001-11-25', 330, 3, 3, 891, NULL),
(493, '2001-05-16', '2001-05-17', 29, 4, 1, 1808, NULL),
(494, '2001-03-02', '2001-03-06', 13, 6, 1, 1346, NULL),
(495, '2001-07-05', '2001-07-06', 451, 4, 2, 4484, NULL),
(496, '2001-05-22', '2001-05-24', 281, 2, 3, 2635, NULL),
(497, '2001-11-24', '2001-11-27', 38, 2, 3, 4076, NULL),
(498, '2001-01-20', '2001-01-21', 52, 3, 2, 4662, NULL),
(499, '2001-10-24', '2001-10-28', 227, 6, 1, 4966, NULL),
(500, '2001-12-06', '2001-12-10', 101, 4, 2, 2537, NULL),
(501, '2001-05-13', '2001-05-13', 34, 2, 3, 4074, NULL),
(502, '2002-01-15', '2002-01-17', 300, 3, 2, 540, NULL),
(503, '2002-01-28', '2002-01-28', 341, 2, 3, 2576, NULL),
(504, '2001-12-13', '2001-12-16', 107, 4, 3, 2055, NULL),
(505, '2001-10-04', '2001-10-07', 21, 2, 2, 3172, NULL),
(506, '2001-07-01', '2001-07-03', 319, 4, 2, 1043, NULL),
(507, '2001-11-16', '2001-11-16', 427, 4, 2, 4760, NULL),
(508, '2001-07-02', '2001-07-03', 235, 6, 3, 5404, NULL),
(509, '2001-07-27', '2001-07-29', 9, 2, 3, 638, NULL),
(510, '2001-12-23', '2001-12-24', 404, 6, 3, 5353, NULL),
(511, '2001-08-22', '2001-08-25', 204, 3, 2, 784, NULL),
(512, '2001-01-21', '2001-01-22', 315, 5, 2, 4852, NULL),
(513, '2001-02-15', '2001-02-17', 441, 3, 2, 5250, NULL),
(514, '2001-03-01', '2001-03-05', 232, 3, 3, 3745, NULL),
(515, '2001-02-01', '2001-02-02', 416, 5, 1, 3656, NULL),
(516, '2001-07-02', '2001-07-05', 1, 3, 3, 2650, NULL),
(517, '2002-02-06', '2002-02-10', 240, 6, 2, 4377, NULL),
(518, '2001-10-27', '2001-10-30', 272, 4, 1, 4681, NULL),
(519, '2001-09-03', '2001-09-04', 116, 2, 1, 1751, NULL),
(520, '2002-01-10', '2002-01-10', 362, 3, 1, 2913, NULL),
(521, '2001-05-07', '2001-05-09', 3, 5, 1, 2351, NULL),
(522, '2001-08-05', '2001-08-09', 163, 2, 2, 706, NULL),
(523, '2002-01-24', '2002-01-25', 272, 5, 1, 1330, NULL),
(524, '2002-01-18', '2002-01-20', 164, 5, 1, 4946, NULL),
(525, '2001-12-27', '2001-12-29', 328, 5, 1, 3063, NULL),
(526, '2001-12-02', '2001-12-05', 226, 6, 3, 798, NULL),
(527, '2001-12-06', '2001-12-10', 146, 5, 2, 3518, NULL),
(528, '2001-06-20', '2001-06-24', 245, 3, 3, 3184, NULL),
(529, '2001-05-23', '2001-05-23', 320, 5, 2, 2411, NULL),
(530, '2001-03-02', '2001-03-04', 356, 6, 3, 2910, NULL),
(531, '2001-05-01', '2001-05-01', 194, 3, 1, 4005, NULL),
(532, '2002-01-17', '2002-01-21', 195, 4, 3, 4517, NULL),
(533, '2001-06-19', '2001-06-19', 484, 5, 3, 3431, NULL),
(534, '2001-02-11', '2001-02-11', 437, 6, 3, 3073, NULL),
(535, '2001-07-14', '2001-07-18', 341, 4, 2, 2381, NULL),
(536, '2001-08-04', '2001-08-07', 403, 5, 2, 4125, NULL),
(537, '2001-10-11', '2001-10-13', 463, 6, 2, 2693, NULL),
(538, '2001-12-25', '2001-12-27', 10, 3, 3, 2789, NULL),
(539, '2001-09-10', '2001-09-12', 492, 4, 3, 4604, NULL),
(540, '2001-11-19', '2001-11-23', 478, 6, 3, 2388, NULL),
(541, '2001-03-26', '2001-03-26', 296, 6, 1, 5152, NULL),
(542, '2001-05-21', '2001-05-23', 168, 6, 2, 3409, NULL),
(543, '2001-03-15', '2001-03-19', 147, 6, 3, 5026, NULL),
(544, '2001-09-20', '2001-09-21', 316, 5, 1, 1730, NULL),
(545, '2001-09-27', '2001-09-30', 65, 4, 1, 4153, NULL),
(546, '2001-04-03', '2001-04-03', 213, 4, 2, 5059, NULL),
(547, '2001-09-20', '2001-09-20', 468, 5, 1, 1080, NULL),
(548, '2001-02-14', '2001-02-16', 26, 4, 3, 5335, NULL),
(549, '2001-12-11', '2001-12-12', 86, 4, 3, 1609, NULL),
(550, '2001-07-13', '2001-07-16', 34, 6, 2, 4581, NULL),
(551, '2001-03-31', '2001-03-31', 113, 2, 3, 4403, NULL),
(552, '2001-01-24', '2001-01-28', 59, 5, 1, 5016, NULL),
(553, '2001-01-05', '2001-01-08', 179, 5, 1, 2898, NULL),
(554, '2001-09-25', '2001-09-29', 119, 1, 2, 1427, NULL),
(555, '2001-06-25', '2001-06-27', 18, 5, 3, 1734, NULL),
(556, '2001-04-02', '2001-04-02', 358, 3, 3, 930, NULL),
(557, '2001-11-29', '2001-12-03', 21, 5, 3, 4418, NULL),
(558, '2001-07-16', '2001-07-18', 38, 2, 2, 4118, NULL),
(559, '2001-06-15', '2001-06-18', 198, 4, 3, 4665, NULL),
(560, '2001-03-21', '2001-03-21', 446, 5, 1, 3451, NULL),
(561, '2001-12-10', '2001-12-14', 331, 2, 1, 5199, NULL),
(562, '2001-10-29', '2001-10-30', 313, 5, 2, 3449, NULL),
(563, '2001-05-02', '2001-05-02', 434, 2, 1, 927, NULL),
(564, '2001-02-17', '2001-02-17', 111, 6, 2, 2491, NULL),
(565, '2001-07-08', '2001-07-10', 109, 3, 3, 679, NULL),
(566, '2002-01-10', '2002-01-10', 125, 6, 3, 1002, NULL),
(567, '2001-04-27', '2001-04-27', 115, 1, 3, 5467, NULL),
(568, '2001-03-02', '2001-03-03', 144, 2, 1, 1963, NULL),
(569, '2002-01-09', '2002-01-13', 382, 2, 3, 4370, NULL),
(570, '2001-12-03', '2001-12-05', 400, 4, 1, 4179, NULL),
(571, '2001-11-08', '2001-11-12', 117, 5, 3, 605, NULL),
(572, '2002-01-21', '2002-01-25', 226, 4, 1, 3075, NULL),
(573, '2001-05-08', '2001-05-11', 3, 6, 2, 4303, NULL),
(574, '2001-12-10', '2001-12-10', 176, 6, 1, 2187, NULL),
(575, '2001-10-09', '2001-10-11', 426, 1, 3, 953, NULL),
(576, '2001-06-16', '2001-06-17', 284, 6, 3, 5186, NULL),
(577, '2001-06-08', '2001-06-09', 483, 6, 1, 3143, NULL),
(578, '2001-06-22', '2001-06-25', 90, 5, 2, 5484, NULL),
(579, '2001-12-25', '2001-12-27', 254, 4, 2, 3787, NULL),
(580, '2001-01-19', '2001-01-22', 47, 5, 3, 1178, NULL),
(581, '2002-01-05', '2002-01-06', 413, 4, 2, 2086, NULL),
(582, '2001-07-27', '2001-07-30', 134, 6, 3, 4744, NULL),
(583, '2001-11-19', '2001-11-22', 254, 4, 1, 3185, NULL),
(584, '2001-07-25', '2001-07-29', 464, 2, 3, 1357, NULL),
(585, '2001-01-09', '2001-01-12', 276, 4, 1, 4594, NULL),
(586, '2001-05-25', '2001-05-27', 11, 3, 1, 768, NULL),
(587, '2001-11-16', '2001-11-18', 150, 4, 3, 2856, NULL),
(588, '2001-10-08', '2001-10-12', 137, 5, 2, 3580, NULL),
(589, '2001-01-07', '2001-01-09', 225, 2, 2, 1306, NULL),
(590, '2001-01-11', '2001-01-15', 236, 3, 1, 4888, NULL),
(591, '2001-01-18', '2001-01-19', 305, 1, 1, 1484, NULL),
(592, '2002-01-21', '2002-01-21', 114, 3, 1, 1505, NULL),
(593, '2001-04-16', '2001-04-18', 377, 3, 1, 3303, NULL),
(594, '2001-06-08', '2001-06-10', 186, 1, 2, 3267, NULL),
(595, '2001-04-10', '2001-04-12', 461, 5, 1, 2070, NULL),
(596, '2001-12-08', '2001-12-12', 250, 3, 3, 3289, NULL),
(597, '2001-03-22', '2001-03-26', 137, 2, 3, 3586, NULL),
(598, '2001-12-26', '2001-12-26', 252, 4, 2, 4084, NULL),
(599, '2001-06-05', '2001-06-07', 317, 4, 1, 1413, NULL),
(600, '2001-10-15', '2001-10-16', 361, 1, 2, 1456, NULL),
(601, '2001-01-29', '2001-02-01', 385, 3, 1, 4884, NULL),
(602, '2001-06-19', '2001-06-21', 334, 3, 2, 3617, NULL),
(603, '2001-11-14', '2001-11-17', 367, 5, 1, 3412, NULL),
(604, '2001-05-15', '2001-05-15', 313, 4, 3, 1280, NULL),
(605, '2002-01-25', '2002-01-27', 220, 6, 2, 4822, NULL),
(606, '2002-01-14', '2002-01-18', 255, 2, 1, 795, NULL),
(607, '2001-03-25', '2001-03-25', 136, 4, 3, 4893, NULL),
(608, '2001-08-19', '2001-08-21', 123, 4, 3, 2598, NULL),
(609, '2001-08-15', '2001-08-16', 263, 6, 2, 2267, NULL),
(610, '2001-03-03', '2001-03-06', 90, 5, 3, 871, NULL),
(611, '2001-01-07', '2001-01-07', 56, 5, 1, 3207, NULL),
(612, '2001-12-24', '2001-12-26', 310, 6, 3, 2953, NULL),
(613, '2001-02-03', '2001-02-03', 433, 2, 3, 1694, NULL),
(614, '2001-07-28', '2001-07-28', 187, 4, 3, 3502, NULL),
(615, '2001-10-29', '2001-10-29', 47, 2, 1, 1409, NULL),
(616, '2002-01-24', '2002-01-24', 40, 4, 3, 3094, NULL),
(617, '2001-09-18', '2001-09-18', 228, 6, 3, 3751, NULL),
(618, '2001-04-26', '2001-04-30', 12, 2, 3, 777, NULL),
(619, '2001-06-29', '2001-06-29', 241, 1, 3, 1663, NULL),
(620, '2001-11-16', '2001-11-18', 443, 4, 2, 2385, NULL),
(621, '2002-01-30', '2002-02-01', 195, 6, 1, 1148, NULL),
(622, '2001-03-31', '2001-04-04', 7, 6, 1, 1829, NULL),
(623, '2001-05-29', '2001-05-29', 90, 4, 1, 4327, NULL),
(624, '2001-10-25', '2001-10-26', 230, 4, 2, 5217, NULL),
(625, '2001-03-01', '2001-03-04', 261, 4, 1, 5180, NULL),
(626, '2001-01-06', '2001-01-07', 286, 2, 2, 1639, NULL),
(627, '2001-09-06', '2001-09-09', 5, 6, 1, 4709, NULL),
(628, '2001-07-08', '2001-07-08', 403, 3, 3, 2069, NULL),
(629, '2001-01-21', '2001-01-21', 28, 4, 2, 3272, NULL),
(630, '2001-06-17', '2001-06-19', 461, 5, 2, 4759, NULL),
(631, '2002-02-02', '2002-02-02', 242, 3, 1, 4179, NULL),
(632, '2001-07-31', '2001-08-01', 358, 4, 2, 681, NULL),
(633, '2001-04-30', '2001-04-30', 260, 4, 2, 2823, NULL),
(634, '2001-03-26', '2001-03-30', 294, 2, 3, 3769, NULL),
(635, '2001-03-08', '2001-03-10', 196, 1, 3, 1430, NULL),
(636, '2001-03-03', '2001-03-07', 110, 1, 3, 4661, NULL),
(637, '2001-05-07', '2001-05-10', 429, 3, 1, 1816, NULL),
(638, '2023-11-18', '2023-11-18', 1, 1, 5, 3000, NULL);

-- --------------------------------------------------------

--
-- Tábla szerkezet ehhez a táblához `szerelo`
--

CREATE TABLE `szerelo` (
  `az` int(11) NOT NULL,
  `nev` varchar(200) NOT NULL,
  `kezdev` int(4) DEFAULT NULL,
  `deactivate` int(11) NOT NULL
) ENGINE=InnoDB DEFAULT CHARSET=utf8mb4 COLLATE=utf8mb4_general_ci;

--
-- A tábla adatainak kiíratása `szerelo`
--

INSERT INTO `szerelo` (`az`, `nev`, `kezdev`, `deactivate`) VALUES
(1, 'Tornyos Pál', 1979, 0),
(2, 'Kormos István', 1981, 0),
(3, 'Fodor László', 1983, 0),
(4, 'Szabó Mihály', 1975, 0),
(5, 'Szabó György', 2000, 0),
(6, 'Erdei Imre', 1988, 0),
(7, 'Ko pali', 1988, 0),
(8, 'Ko pali', 1988, 0),
(9, 'Ko palko', 1988, 0);

--
-- Indexek a kiírt táblákhoz
--

--
-- A tábla indexei `felhasznalok`
--
ALTER TABLE `felhasznalok`
  ADD PRIMARY KEY (`id`);

--
-- A tábla indexei `hely`
--
ALTER TABLE `hely`
  ADD PRIMARY KEY (`az`);

--
-- A tábla indexei `menu`
--
ALTER TABLE `menu`
  ADD PRIMARY KEY (`url`);

--
-- A tábla indexei `munkalap`
--
ALTER TABLE `munkalap`
  ADD PRIMARY KEY (`az`),
  ADD KEY `helyaz` (`helyaz`),
  ADD KEY `szereloaz` (`szereloaz`);

--
-- A tábla indexei `szerelo`
--
ALTER TABLE `szerelo`
  ADD PRIMARY KEY (`az`);

--
-- A kiírt táblák AUTO_INCREMENT értéke
--

--
-- AUTO_INCREMENT a táblához `felhasznalok`
--
ALTER TABLE `felhasznalok`
  MODIFY `id` int(10) UNSIGNED NOT NULL AUTO_INCREMENT, AUTO_INCREMENT=14;

--
-- AUTO_INCREMENT a táblához `hely`
--
ALTER TABLE `hely`
  MODIFY `az` int(11) NOT NULL AUTO_INCREMENT, AUTO_INCREMENT=498;

--
-- AUTO_INCREMENT a táblához `munkalap`
--
ALTER TABLE `munkalap`
  MODIFY `az` int(11) NOT NULL AUTO_INCREMENT, AUTO_INCREMENT=639;

--
-- AUTO_INCREMENT a táblához `szerelo`
--
ALTER TABLE `szerelo`
  MODIFY `az` int(11) NOT NULL AUTO_INCREMENT, AUTO_INCREMENT=10;

--
-- Megkötések a kiírt táblákhoz
--

--
-- Megkötések a táblához `munkalap`
--
ALTER TABLE `munkalap`
  ADD CONSTRAINT `munkalap_ibfk_1` FOREIGN KEY (`helyaz`) REFERENCES `hely` (`az`),
  ADD CONSTRAINT `munkalap_ibfk_2` FOREIGN KEY (`szereloaz`) REFERENCES `szerelo` (`az`);
COMMIT;

/*!40101 SET CHARACTER_SET_CLIENT=@OLD_CHARACTER_SET_CLIENT */;
/*!40101 SET CHARACTER_SET_RESULTS=@OLD_CHARACTER_SET_RESULTS */;
/*!40101 SET COLLATION_CONNECTION=@OLD_COLLATION_CONNECTION */;
